Unnamed: 0,Unnamed: 1,Unnamed: 2,Unnamed: 3,Unnamed: 4,Unnamed: 5,Unnamed: 6,Unnamed: 7
,Código Centro,Empresa,Especie,Toneladas Cosechadas,Mes Inicio Ciclo,Mes Fin Ciclo,Periodo Información
,100331,SALMONES AYSEN S.A.,SALMON COHO,3172.132,2022-05-01 00:00:00,2023-02-28 00:00:00,1er Semestre 2023
,100397,SALMONES AYSEN S.A.,SALMON COHO,2551.875,2022-03-01 00:00:00,2023-01-31 00:00:00,1er Semestre 2023
,100469,"TORNAGALEONES S.A., GRANJA MARINA",SALMON COHO,3958.815,2022-04-01 00:00:00,2023-01-31 00:00:00,1er Semestre 2023
,100580,CALETA BAY MAR SpA,SALMON COHO,4101.942,2022-05-01 00:00:00,2023-02-28 00:00:00,1er Semestre 2023
,100602,CALETA BAY MAR SpA,TRUCHA ARCOIRIS,2849.434,2022-04-01 00:00:00,2023-01-31 00:00:00,1er Semestre 2023
,100960,SALMONES AYSEN S.A.,SALMON COHO,3098.251,2022-03-01 00:00:00,2023-01-31 00:00:00,1er Semestre 2023
,101531,SAYSEN I SPA,SALMON COHO,1972.344,2022-04-01 00:00:00,2023-01-31 00:00:00,1er Semestre 2023
,102125,MOWI CHILE S.A.,SALMON DEL ATLANTICO,6242.285,2022-04-01 00:00:00,2023-06-30 00:00:00,1er Semestre 2023
,102186,SALMONES CAMANCHACA S.A.,SALMON COHO,3390.778,2022-04-01 00:00:00,2023-01-31 00:00:00,1er Semestre 2023
,102305,SALMONES AYSEN S.A.,SALMON COHO,1860.84,2022-05-01 00:00:00,2023-01-31 00:00:00,1er Semestre 2023
,102582,CULTIVOS YADRAN S.A.,SALMON DEL ATLANTICO,3838.668,2021-10-01 00:00:00,2023-01-31 00:00:00,1er Semestre 2023
,102850,CERMAQ CHILE S.A.,SALMON COHO,2.069,2023-04-01 00:00:00,2023-06-30 00:00:00,1er Semestre 2023
,102956,INVERMAR S.A.,SALMON DEL ATLANTICO,3934.462,2021-10-01 00:00:00,2023-03-31 00:00:00,1er Semestre 2023
,103327,"TORNAGALEONES S.A., GRANJA MARINA",SALMON DEL ATLANTICO,5009.333,2022-02-01 00:00:00,2023-04-30 00:00:00,1er Semestre 2023
,103421,CERMAQ CHILE S.A.,SALMON DEL ATLANTICO,4454.992,2022-04-01 00:00:00,2023-06-30 00:00:00,1er Semestre 2023
,103701,MULTI X S.A.,SALMON DEL ATLANTICO,3764.171,2022-04-01 00:00:00,2023-05-31 00:00:00,1er Semestre 2023
,103742,TRUSAL S.A.,SALMON DEL ATLANTICO,4863.614,2022-02-01 00:00:00,2023-04-30 00:00:00,1er Semestre 2023
,103750,TRUSAL S.A.,SALMON COHO,5687.652,2022-05-01 00:00:00,2023-01-31 00:00:00,1er Semestre 2023
,103771,CERMAQ CHILE S.A.,SALMON DEL ATLANTICO,5707.82,2021-09-01 00:00:00,2023-01-31 00:00:00,1er Semestre 2023
,103845,SALMONES ANTARTICA S.A.,TRUCHA ARCOIRIS,3798.473,2022-03-01 00:00:00,2023-02-28 00:00:00,1er Semestre 2023
,104378,CERMAQ CHILE S.A.,SALMON DEL ATLANTICO,11.055,2023-04-01 00:00:00,2023-06-30 00:00:00,1er Semestre 2023
,110046,SALMONES ANTARTICA S.A.,TRUCHA ARCOIRIS,4914.243,2022-07-01 00:00:00,2023-06-30 00:00:00,1er Semestre 2023
,110227,COOKE AQUACULTURE CHILE S.A.,SALMON DEL ATLANTICO,3132.336,2022-01-01 00:00:00,2023-05-31 00:00:00,1er Semestre 2023
,110230,COOKE AQUACULTURE CHILE S.A.,SALMON DEL ATLANTICO,2284.246,2021-11-01 00:00:00,2023-04-30 00:00:00,1er Semestre 2023
,110234,AQUACHILE SPA,SALMON COHO,4020.318,2022-04-01 00:00:00,2023-02-28 00:00:00,1er Semestre 2023
,110271,"AQUACHILE S.A., EMPRESAS",SALMON DEL ATLANTICO,3987.844,2022-04-01 00:00:00,2023-06-30 00:00:00,1er Semestre 2023
,110276,PISCICULTURA PALQUI LTDA.,SALMON COHO,1.461,2022-10-01 00:00:00,2023-01-31 00:00:00,1er Semestre 2023
,110289,SALMOCONCESIONES XI REGION S.A.,SALMON COHO,23.338,2023-02-01 00:00:00,2023-06-30 00:00:00,1er Semestre 2023
,110300,SALMOCONCESIONES XI REGION S.A.,SALMON COHO,46.304,2022-10-01 00:00:00,2023-03-31 00:00:00,1er Semestre 2023
,110325,SALMOCONCESIONES XI REGION S.A.,SALMON COHO,47.885,2022-10-01 00:00:00,2023-03-31 00:00:00,1er Semestre 2023
,110341,COOKE AQUACULTURE CHILE S.A.,SALMON DEL ATLANTICO,4942.565,2021-09-01 00:00:00,2023-01-31 00:00:00,1er Semestre 2023
,110443,AQUACHILE SPA,SALMON COHO,2788.061,2022-06-01 00:00:00,2023-01-31 00:00:00,1er Semestre 2023
,110447,AQUACHILE SPA,SALMON COHO,4.519,2023-02-01 00:00:00,2023-06-30 00:00:00,1er Semestre 2023
,110498,"AQUACHILE S.A., EMPRESAS",SALMON DEL ATLANTICO,3244.28,2022-03-01 00:00:00,2023-04-30 00:00:00,1er Semestre 2023
,110511,EXPORTADORA LOS FIORDOS LTDA.,SALMON DEL ATLANTICO,3682.379,2021-11-01 00:00:00,2023-02-28 00:00:00,1er Semestre 2023
,110536,"AQUACHILE S.A., EMPRESAS",SALMON DEL ATLANTICO,3467.533,2022-04-01 00:00:00,2023-05-31 00:00:00,1er Semestre 2023
,110551,MULTI X S.A.,SALMON DEL ATLANTICO,4849.79,2022-03-01 00:00:00,2023-04-30 00:00:00,1er Semestre 2023
,110562,SALMONES CAMANCHACA S.A.,SALMON DEL ATLANTICO,5385.324,2022-02-01 00:00:00,2023-03-31 00:00:00,1er Semestre 2023
,110635,AUSTRALIS MAR S.A.,SALMON DEL ATLANTICO,4066.237,2022-06-01 00:00:00,2023-06-30 00:00:00,1er Semestre 2023
,110637,SALMONES BLUMAR S.A.,SALMON DEL ATLANTICO,3526.214,2022-01-01 00:00:00,2023-03-31 00:00:00,1er Semestre 2023
,110641,CULTIVOS YADRAN S.A.,SALMON DEL ATLANTICO,2779.413,2022-04-01 00:00:00,2023-06-30 00:00:00,1er Semestre 2023
,110643,EXPORTADORA LOS FIORDOS LTDA.,SALMON COHO,3529.849,2022-04-01 00:00:00,2023-02-28 00:00:00,1er Semestre 2023
,110653,EXPORTADORA LOS FIORDOS LTDA.,SALMON DEL ATLANTICO,3710.706,2021-11-01 00:00:00,2023-01-31 00:00:00,1er Semestre 2023
,110669,EXPORTADORA LOS FIORDOS LTDA.,SALMON COHO,3497.283,2022-03-01 00:00:00,2023-02-28 00:00:00,1er Semestre 2023
,110684,"TORNAGALEONES S.A., GRANJA MARINA",SALMON COHO,7.756,2023-02-01 00:00:00,2023-04-30 00:00:00,1er Semestre 2023
,110708,EXPORTADORA LOS FIORDOS LTDA.,SALMON DEL ATLANTICO,4161.95,2021-12-01 00:00:00,2023-03-31 00:00:00,1er Semestre 2023
,110721,INVERMAR S.A.,SALMON DEL ATLANTICO,3681.952,2021-09-01 00:00:00,2023-01-31 00:00:00,1er Semestre 2023
,110735,CERMAQ CHILE S.A.,SALMON DEL ATLANTICO,3730.605,2022-02-01 00:00:00,2023-04-30 00:00:00,1er Semestre 2023
,110738,CULTIVOS YADRAN S.A.,SALMON DEL ATLANTICO,3793.281,2022-01-01 00:00:00,2023-03-31 00:00:00,1er Semestre 2023
,110741,CULTIVOS YADRAN S.A.,SALMON DEL ATLANTICO,85.66,2022-05-01 00:00:00,2023-01-31 00:00:00,1er Semestre 2023
,110758,CERMAQ CHILE S.A.,SALMON DEL ATLANTICO,5424.271,2021-12-01 00:00:00,2023-04-30 00:00:00,1er Semestre 2023
,110779,MOWI CHILE S.A.,SALMON DEL ATLANTICO,2325.543,2022-05-01 00:00:00,2023-06-30 00:00:00,1er Semestre 2023
,110783,AUSTRALIS MAR S.A.,SALMON DEL ATLANTICO,4123.054,2022-03-01 00:00:00,2023-04-30 00:00:00,1er Semestre 2023
,110818,AUSTRALIS MAR S.A.,SALMON DEL ATLANTICO,2390.921,2022-04-01 00:00:00,2023-03-31 00:00:00,1er Semestre 2023
,110823,EXPORTADORA LOS FIORDOS LTDA.,SALMON DEL ATLANTICO,3752.923,2022-06-01 00:00:00,2023-06-30 00:00:00,1er Semestre 2023
,110827,EXPORTADORA LOS FIORDOS LTDA.,SALMON DEL ATLANTICO,4028.842,2021-11-01 00:00:00,2023-01-31 00:00:00,1er Semestre 2023
,110830,AUSTRALIS MAR S.A.,SALMON DEL ATLANTICO,3545.345,2022-02-01 00:00:00,2023-01-31 00:00:00,1er Semestre 2023
,110858,SALMONES BLUMAR S.A.,SALMON DEL ATLANTICO,3907.815,2021-12-01 00:00:00,2023-02-28 00:00:00,1er Semestre 2023
,110863,AQUACHILE SPA,SALMON COHO,2.132,2023-02-01 00:00:00,2023-06-30 00:00:00,1er Semestre 2023
,110889,SALMONES ANTARTICA S.A.,TRUCHA ARCOIRIS,3727.92,2022-04-01 00:00:00,2023-04-30 00:00:00,1er Semestre 2023
,110901,SALMONES PACIFIC STAR S.A.,SALMON DEL ATLANTICO,2820.362,2021-07-01 00:00:00,2023-01-31 00:00:00,1er Semestre 2023
,110906,SALMONES ANTARTICA S.A.,TRUCHA ARCOIRIS,1684.421,2021-12-01 00:00:00,2023-01-31 00:00:00,1er Semestre 2023
,110930,CERMAQ CHILE S.A.,SALMON DEL ATLANTICO,6457.151,2021-11-01 00:00:00,2023-03-31 00:00:00,1er Semestre 2023
,120116,CERMAQ CHILE S.A.,SALMON DEL ATLANTICO,2942.942,2021-12-01 00:00:00,2023-06-30 00:00:00,1er Semestre 2023
,120127,NOVA AUSTRAL S.A.,SALMON DEL ATLANTICO,2911.018,2021-12-01 00:00:00,2023-06-30 00:00:00,1er Semestre 2023
,120131,AQUACHILE MAGALLANES SPA.,SALMON DEL ATLANTICO,18291.92,2021-11-01 00:00:00,2023-06-30 00:00:00,1er Semestre 2023
,120139,AQUACHILE MAGALLANES SPA.,SALMON DEL ATLANTICO,1051.866,2022-10-01 00:00:00,2023-03-31 00:00:00,1er Semestre 2023
,120151,MULTIEXPORT PATAGONIA S.A.,SALMON DEL ATLANTICO,5164.169,2022-04-01 00:00:00,2023-06-30 00:00:00,1er Semestre 2023
,120174,AUSTRALIS MAR S.A.,TRUCHA ARCOIRIS,4447.861,2021-08-01 00:00:00,2023-01-31 00:00:00,1er Semestre 2023
,100114,CERMAQ CHILE S.A.,SALMON COHO,3371.397,2022-05-01 00:00:00,2023-01-31 00:00:00,1er Semestre 2023
,100182,"AQUACHILE S.A., EMPRESAS",SALMON COHO,4055.667,2022-05-01 00:00:00,2023-01-31 00:00:00,1er Semestre 2023
,100367,SALMONES AYSEN S.A.,SALMON COHO,3345.859,2022-07-01 00:00:00,2023-02-28 00:00:00,1er Semestre 2023
,100396,SALMONES AYSEN S.A.,SALMON COHO,2748.69,2022-02-01 00:00:00,2023-01-31 00:00:00,1er Semestre 2023
,100443,CERMAQ CHILE S.A.,SALMON DEL ATLANTICO,3291.972,2022-02-01 00:00:00,2023-04-30 00:00:00,1er Semestre 2023
,100603,FIORDO BLANCO S.A.,TRUCHA ARCOIRIS,1538.272,2022-06-01 00:00:00,2023-01-31 00:00:00,1er Semestre 2023
,100615,"TORNAGALEONES S.A., GRANJA MARINA",SALMON COHO,4589.594,2022-05-01 00:00:00,2023-02-28 00:00:00,1er Semestre 2023
,100660,SALMONES CAMANCHACA S.A.,SALMON DEL ATLANTICO,4683.148,2022-03-01 00:00:00,2023-04-30 00:00:00,1er Semestre 2023
,101318,MOWI CHILE S.A.,SALMON DEL ATLANTICO,4953.107,2021-11-01 00:00:00,2023-03-31 00:00:00,1er Semestre 2023
,101326,PRODUCTOS DEL MAR VENTISQUEROS S.A.,SALMON DEL ATLANTICO,4321.852,2022-08-01 00:00:00,2023-06-30 00:00:00,1er Semestre 2023
,101916,"TORNAGALEONES S.A., GRANJA MARINA",SALMON COHO,3975.374,2022-04-01 00:00:00,2023-02-28 00:00:00,1er Semestre 2023
,101968,INVERMAR S.A.,SALMON COHO,2753.482,2022-04-01 00:00:00,2023-01-31 00:00:00,1er Semestre 2023
,102318,MOWI CHILE S.A.,SALMON DEL ATLANTICO,5.359,2023-03-01 00:00:00,2023-05-31 00:00:00,1er Semestre 2023
,102342,CERMAQ CHILE S.A.,SALMON DEL ATLANTICO,3428.147,2021-10-01 00:00:00,2023-02-28 00:00:00,1er Semestre 2023
,102458,SALMONES AYSEN S.A.,SALMON COHO,1919.065,2022-05-01 00:00:00,2023-01-31 00:00:00,1er Semestre 2023
,102784,PRODUCTOS DEL MAR VENTISQUEROS S.A.,SALMON DEL ATLANTICO,5838.046,2022-02-01 00:00:00,2023-04-30 00:00:00,1er Semestre 2023
,102928,INVERMAR S.A.,SALMON DEL ATLANTICO,3801.29,2021-12-01 00:00:00,2023-04-30 00:00:00,1er Semestre 2023
,102994,PRODUCTOS DEL MAR VENTISQUEROS S.A.,SALMON DEL ATLANTICO,2876.484,2022-02-01 00:00:00,2023-04-30 00:00:00,1er Semestre 2023
,103734,CERMAQ CHILE S.A.,SALMON DEL ATLANTICO,4695.245,2022-03-01 00:00:00,2023-05-31 00:00:00,1er Semestre 2023
,103748,"TORNAGALEONES S.A., GRANJA MARINA",SALMON COHO,6511.832,2022-07-01 00:00:00,2023-02-28 00:00:00,1er Semestre 2023
,103939,TRUSAL S.A.,SALMON DEL ATLANTICO,5244.903,2021-12-01 00:00:00,2023-03-31 00:00:00,1er Semestre 2023
,104167,SALMONES PACIFIC STAR S.A.,SALMON DEL ATLANTICO,3816.881,2022-04-01 00:00:00,2023-05-31 00:00:00,1er Semestre 2023
,110057,EXPORTADORA LOS FIORDOS LTDA.,SALMON DEL ATLANTICO,10.863,2023-03-01 00:00:00,2023-05-31 00:00:00,1er Semestre 2023
,110148,SALMOCONCESIONES S.A.,SALMON COHO,42.071,2022-10-01 00:00:00,2023-03-31 00:00:00,1er Semestre 2023
,110253,EXPORTADORA LOS FIORDOS LTDA.,SALMON DEL ATLANTICO,3.424,2022-11-01 00:00:00,2023-04-30 00:00:00,1er Semestre 2023
,110280,SALMOCONCESIONES XI REGION S.A.,TRUCHA ARCOIRIS,110.261,2022-07-01 00:00:00,2023-04-30 00:00:00,1er Semestre 2023
,110282,SALMOCONCESIONES XI REGION S.A.,SALMON COHO,37.958,2023-02-01 00:00:00,2023-06-30 00:00:00,1er Semestre 2023
,110283,SALMOCONCESIONES XI REGION S.A.,TRUCHA ARCOIRIS,2420.008,2022-06-01 00:00:00,2023-04-30 00:00:00,1er Semestre 2023
,110287,SALMOCONCESIONES XI REGION S.A.,TRUCHA ARCOIRIS,2247.761,2022-03-01 00:00:00,2023-02-28 00:00:00,1er Semestre 2023
,110301,SALMOCONCESIONES XI REGION S.A.,TRUCHA ARCOIRIS,2162.839,2022-08-01 00:00:00,2023-06-30 00:00:00,1er Semestre 2023
,110317,MOWI CHILE S.A.,SALMON DEL ATLANTICO,4530.169,2021-10-01 00:00:00,2023-01-31 00:00:00,1er Semestre 2023
,110320,MOWI CHILE S.A.,SALMON DEL ATLANTICO,2689.53,2021-12-01 00:00:00,2023-02-28 00:00:00,1er Semestre 2023
,110339,COOKE AQUACULTURE CHILE S.A.,SALMON DEL ATLANTICO,3859.284,2022-02-01 00:00:00,2023-06-30 00:00:00,1er Semestre 2023
,110386,SALMONES FRIOSUR S.A.,SALMON COHO,1.37,2023-01-01 00:00:00,2023-05-31 00:00:00,1er Semestre 2023
,110389,MULTI X S.A.,SALMON DEL ATLANTICO,4293.716,2022-01-01 00:00:00,2023-04-30 00:00:00,1er Semestre 2023
,110393,MULTI X S.A.,SALMON DEL ATLANTICO,5384.875,2022-01-01 00:00:00,2023-03-30 00:00:00,1er Semestre 2023
,110395,MULTI X S.A.,SALMON DEL ATLANTICO,5788.85,2022-02-01 00:00:00,2023-04-30 00:00:00,1er Semestre 2023
,110460,"AQUACHILE S.A., EMPRESAS",SALMON COHO,3860.406,2022-06-01 00:00:00,2023-01-31 00:00:00,1er Semestre 2023
,110497,"AQUACHILE S.A., EMPRESAS",SALMON DEL ATLANTICO,3211.743,2022-02-01 00:00:00,2023-03-31 00:00:00,1er Semestre 2023
,110500,SALMONES CAMANCHACA S.A.,SALMON DEL ATLANTICO,3272.093,2022-05-01 00:00:00,2023-06-30 00:00:00,1er Semestre 2023
,110502,AQUACHILE SPA,SALMON COHO,3.339,2023-02-01 00:00:00,2023-06-30 00:00:00,1er Semestre 2023
,110518,EXPORTADORA LOS FIORDOS LTDA.,SALMON DEL ATLANTICO,3681.754,2022-01-01 00:00:00,2023-03-31 00:00:00,1er Semestre 2023
,110537,"AQUACHILE S.A., EMPRESAS",SALMON COHO,3709.763,2022-06-01 00:00:00,2023-01-31 00:00:00,1er Semestre 2023
,110549,EXPORTADORA LOS FIORDOS LTDA.,SALMON DEL ATLANTICO,3407.181,2022-03-01 00:00:00,2023-04-30 00:00:00,1er Semestre 2023
,110557,SALMONES BLUMAR S.A.,SALMON DEL ATLANTICO,3508.124,2022-04-01 00:00:00,2023-05-31 00:00:00,1er Semestre 2023
,110558,SALMONES BLUMAR S.A.,SALMON DEL ATLANTICO,3407.365,2022-05-01 00:00:00,2023-05-31 00:00:00,1er Semestre 2023
,110604,MOWI CHILE S.A.,SALMON DEL ATLANTICO,4805.027,2021-11-01 00:00:00,2023-03-31 00:00:00,1er Semestre 2023
,110620,EXPORTADORA LOS FIORDOS LTDA.,SALMON COHO,3010.237,2022-05-01 00:00:00,2023-02-28 00:00:00,1er Semestre 2023
,110644,SALMONES CAMANCHACA S.A.,SALMON DEL ATLANTICO,4674.828,2021-12-01 00:00:00,2023-01-31 00:00:00,1er Semestre 2023
,110645,AUSTRALIS MAR S.A.,SALMON DEL ATLANTICO,2359.122,2022-02-01 00:00:00,2023-02-28 00:00:00,1er Semestre 2023
,110688,EXPORTADORA LOS FIORDOS LTDA.,SALMON DEL ATLANTICO,4.93,2022-12-01 00:00:00,2023-04-30 00:00:00,1er Semestre 2023
,110694,CULTIVOS YADRAN S.A.,SALMON DEL ATLANTICO,4300.895,2022-02-01 00:00:00,2023-04-30 00:00:00,1er Semestre 2023
,110710,AQUACHILE SPA,SALMON COHO,5.193,2023-02-01 00:00:00,2023-06-30 00:00:00,1er Semestre 2023
,110714,EXPORTADORA LOS FIORDOS LTDA.,SALMON DEL ATLANTICO,3568.909,2021-12-01 00:00:00,2023-02-28 00:00:00,1er Semestre 2023
,110745,SALMONES BLUMAR S.A.,SALMON DEL ATLANTICO,3833.549,2021-11-01 00:00:00,2023-01-31 00:00:00,1er Semestre 2023
,110751,"TORNAGALEONES S.A., GRANJA MARINA",SALMON DEL ATLANTICO,5031.042,2021-11-01 00:00:00,2023-02-28 00:00:00,1er Semestre 2023
,110785,SALMONES BLUMAR S.A.,SALMON DEL ATLANTICO,3910.059,2022-05-01 00:00:00,2023-06-30 00:00:00,1er Semestre 2023
,110808,CULTIVOS YADRAN S.A.,SALMON DEL ATLANTICO,2501.246,2022-01-01 00:00:00,2023-03-31 00:00:00,1er Semestre 2023
,110837,"TORNAGALEONES S.A., GRANJA MARINA",SALMON COHO,2.921,2022-10-01 00:00:00,2023-01-31 00:00:00,1er Semestre 2023
,110838,"TORNAGALEONES S.A., GRANJA MARINA",SALMON COHO,3846.439,2022-03-01 00:00:00,2023-01-31 00:00:00,1er Semestre 2023
,110853,MULTI X S.A.,SALMON DEL ATLANTICO,5543.565,2021-12-01 00:00:00,2023-01-31 00:00:00,1er Semestre 2023
,110884,EXPORTADORA LOS FIORDOS LTDA.,SALMON DEL ATLANTICO,2731.336,2021-11-01 00:00:00,2023-01-31 00:00:00,1er Semestre 2023
,110896,EXPORTADORA LOS FIORDOS LTDA.,SALMON COHO,2742.184,2022-07-01 00:00:00,2023-02-28 00:00:00,1er Semestre 2023
,110926,EXPORTADORA LOS FIORDOS LTDA.,SALMON DEL ATLANTICO,2845.76,2022-03-01 00:00:00,2023-04-30 00:00:00,1er Semestre 2023
,120074,SALMONES BLUMAR MAGALLANES SpA,SALMON DEL ATLANTICO,5307.296,2021-09-01 00:00:00,2023-01-31 00:00:00,1er Semestre 2023
,120111,CERMAQ CHILE S.A.,SALMON DEL ATLANTICO,3423.552,2021-10-01 00:00:00,2023-05-31 00:00:00,1er Semestre 2023
,120118,CERMAQ CHILE S.A.,SALMON DEL ATLANTICO,3379.204,2021-08-01 00:00:00,2023-02-28 00:00:00,1er Semestre 2023
,120126,NOVA AUSTRAL S.A.,SALMON DEL ATLANTICO,4046.081,2021-09-01 00:00:00,2023-06-30 00:00:00,1er Semestre 2023
,120137,AUSTRALIS MAR S.A.,SALMON DEL ATLANTICO,4984.972,2021-12-01 00:00:00,2023-03-31 00:00:00,1er Semestre 2023
,120155,MULTIEXPORT PATAGONIA S.A.,SALMON DEL ATLANTICO,5462.121,2022-01-01 00:00:00,2023-05-31 00:00:00,1er Semestre 2023
,120160,AQUACHILE MAGALLANES SPA.,SALMON DEL ATLANTICO,12622.896,2021-08-01 00:00:00,2023-03-31 00:00:00,1er Semestre 2023
,120169,CERMAQ CHILE S.A.,SALMON DEL ATLANTICO,4012.64,2021-06-01 00:00:00,2023-02-28 00:00:00,1er Semestre 2023
,120171,MULTIEXPORT PATAGONIA S.A.,SALMON DEL ATLANTICO,4100.467,2021-09-01 00:00:00,2023-02-28 00:00:00,1er Semestre 2023
,120172,MULTIEXPORT PATAGONIA S.A.,SALMON DEL ATLANTICO,5304.766,2021-10-01 00:00:00,2023-03-31 00:00:00,1er Semestre 2023
,120182,AUSTRALIS MAR S.A.,SALMON DEL ATLANTICO,3726.569,2022-03-01 00:00:00,2023-06-30 00:00:00,1er Semestre 2023
,120194,SALMONES BLUMAR MAGALLANES SpA,SALMON DEL ATLANTICO,4297.358,2021-12-01 00:00:00,2023-04-30 00:00:00,1er Semestre 2023
,120222,AUSTRALIS MAR S.A.,SALMON DEL ATLANTICO,3694.87,2021-12-01 00:00:00,2023-03-31 00:00:00,1er Semestre 2023
,100103,CERMAQ CHILE S.A.,SALMON COHO,1983.089,2023-02-01 00:00:00,2023-11-30 00:00:00,2do Semestre 2023
,100123,AQUACHILE MAULLIN LIMITADA,SALMON COHO,3064.259,2023-07-01 00:00:00,2023-11-30 00:00:00,2do Semestre 2023
,100148,MULTI X S.A.,SALMON DEL ATLANTICO,4159.645,2022-09-01 00:00:00,2023-11-30 00:00:00,2do Semestre 2023
,100216,SALMOCONCESIONES S.A.,SALMON COHO,1732.672,2023-01-01 00:00:00,2023-11-30 00:00:00,2do Semestre 2023
,100366,SALMONES AYSEN S.A.,SALMON COHO,377.282,2023-04-01 00:00:00,2023-11-30 00:00:00,2do Semestre 2023
,100396,SALMONES AYSEN S.A.,SALMON COHO,1769.86,2023-02-01 00:00:00,2023-10-31 00:00:00,2do Semestre 2023
,100412,SALMONES AYSEN S.A.,SALMON COHO,3263.942,2022-12-01 00:00:00,2023-09-30 00:00:00,2do Semestre 2023
,100597,SALMONES ANTARTICA S.A.,SALMON COHO,3386.516,2022-12-01 00:00:00,2023-10-31 00:00:00,2do Semestre 2023
,100615,"TORNAGALEONES S.A., GRANJA MARINA",SALMON COHO,4845.582,2023-03-01 00:00:00,2023-12-31 00:00:00,2do Semestre 2023
,100674,AQUACHILE MAULLIN LIMITADA,SALMON COHO,3676.149,2023-01-01 00:00:00,2023-10-31 00:00:00,2do Semestre 2023
,100960,SALMONES AYSEN S.A.,SALMON COHO,3938.227,2023-04-01 00:00:00,2023-12-31 00:00:00,2do Semestre 2023
,100989,MOWI CHILE S.A.,SALMON DEL ATLANTICO,5078.728,2022-11-01 00:00:00,2023-12-31 00:00:00,2do Semestre 2023
,101272,AQUACHILE MAULLIN LIMITADA,SALMON COHO,4842.007,2023-04-01 00:00:00,2023-11-30 00:00:00,2do Semestre 2023
,101604,AQUACHILE MAULLIN LIMITADA,SALMON COHO,2477.401,2022-12-01 00:00:00,2023-09-30 00:00:00,2do Semestre 2023
,101690,SALMONES CAMANCHACA S.A.,SALMON DEL ATLANTICO,10341.971,2022-07-01 00:00:00,2023-09-30 00:00:00,2do Semestre 2023
,101863,MOWI CHILE S.A.,SALMON DEL ATLANTICO,8899.203,2022-02-01 00:00:00,2023-08-31 00:00:00,2do Semestre 2023
,101918,SALMOCONCESIONES S.A.,SALMON COHO,117.726,2023-01-01 00:00:00,2023-12-31 00:00:00,2do Semestre 2023
,101919,SALMOCONCESIONES S.A.,SALMON COHO,1927.148,2023-01-01 00:00:00,2023-12-31 00:00:00,2do Semestre 2023
,102003,INVERMAR S.A.,SALMON DEL ATLANTICO,4708.602,2022-04-01 00:00:00,2023-07-31 00:00:00,2do Semestre 2023
,102137,CERMAQ CHILE S.A.,SALMON DEL ATLANTICO,5124.943,2022-06-01 00:00:00,2023-09-30 00:00:00,2do Semestre 2023
,102140,CULTIVOS YADRAN S.A.,SALMON DEL ATLANTICO,5868.957,2022-06-01 00:00:00,2023-09-30 00:00:00,2do Semestre 2023
,102320,MOWI CHILE S.A.,SALMON DEL ATLANTICO,6571.468,2022-03-01 00:00:00,2023-07-31 00:00:00,2do Semestre 2023
,102335,MULTI X S.A.,SALMON DEL ATLANTICO,2754.246,2022-11-01 00:00:00,2023-11-30 00:00:00,2do Semestre 2023
,102813,SALMONES CAMANCHACA S.A.,SALMON DEL ATLANTICO,4348.301,2022-10-01 00:00:00,2023-10-31 00:00:00,2do Semestre 2023
,102967,TRUSAL S.A.,SALMON DEL ATLANTICO,4161.707,2022-08-01 00:00:00,2023-10-31 00:00:00,2do Semestre 2023
,103458,CALETA BAY MAR SpA,SALMON COHO,2706.51,2023-02-01 00:00:00,2023-11-30 00:00:00,2do Semestre 2023
,103673,FIORDO BLANCO S.A.,SALMON COHO,3127.583,2023-04-01 00:00:00,2023-12-31 00:00:00,2do Semestre 2023
,103822,MOWI CHILE S.A.,SALMON DEL ATLANTICO,4256.323,2022-09-01 00:00:00,2023-11-30 00:00:00,2do Semestre 2023
,104442,TRUSAL S.A.,SALMON COHO,3149.644,2023-04-01 00:00:00,2023-12-31 00:00:00,2do Semestre 2023
,110060,EXPORTADORA LOS FIORDOS LTDA.,SALMON DEL ATLANTICO,6225.264,2022-07-01 00:00:00,2023-08-31 00:00:00,2do Semestre 2023
,110068,EXPORTADORA LOS FIORDOS LTDA.,SALMON DEL ATLANTICO,3085.105,2022-10-01 00:00:00,2023-11-30 00:00:00,2do Semestre 2023
,110069,EXPORTADORA LOS FIORDOS LTDA.,SALMON DEL ATLANTICO,6541.187,2022-07-01 00:00:00,2023-10-31 00:00:00,2do Semestre 2023
,110129,MOWI CHILE S.A.,SALMON DEL ATLANTICO,1737.539,2022-06-01 00:00:00,2023-09-30 00:00:00,2do Semestre 2023
,110131,EXPORTADORA LOS FIORDOS LTDA.,SALMON DEL ATLANTICO,7198.411,2022-09-01 00:00:00,2023-11-30 00:00:00,2do Semestre 2023
,110147,MOWI CHILE S.A.,SALMON DEL ATLANTICO,4235.631,2022-05-01 00:00:00,2023-08-31 00:00:00,2do Semestre 2023
,110152,"TORNAGALEONES S.A., GRANJA MARINA",SALMON DEL ATLANTICO,5556.876,2022-07-01 00:00:00,2023-09-30 00:00:00,2do Semestre 2023
,110154,MOWI CHILE S.A.,SALMON DEL ATLANTICO,6440.473,2022-08-01 00:00:00,2023-10-31 00:00:00,2do Semestre 2023
,110175,EXPORTADORA LOS FIORDOS LTDA.,SALMON COHO,1.928,2023-04-01 00:00:00,2023-07-30 00:00:00,2do Semestre 2023
,110221,"AQUACHILE S.A., EMPRESAS",SALMON COHO,3.471,2023-05-01 00:00:00,2023-07-31 00:00:00,2do Semestre 2023
,110226,COOKE AQUACULTURE CHILE S.A.,SALMON COHO,2423.788,2022-12-01 00:00:00,2023-08-31 00:00:00,2do Semestre 2023
,110228,COOKE AQUACULTURE CHILE S.A.,SALMON DEL ATLANTICO,4213.492,2022-09-01 00:00:00,2023-12-31 00:00:00,2do Semestre 2023
,110248,EXPORTADORA LOS FIORDOS LTDA.,SALMON DEL ATLANTICO,2.577,2023-07-01 00:00:00,2023-10-31 00:00:00,2do Semestre 2023
,110258,EXPORTADORA LOS FIORDOS LTDA.,SALMON DEL ATLANTICO,2.535,2023-07-01 00:00:00,2023-10-31 00:00:00,2do Semestre 2023
,110267,MULTI X S.A.,SALMON DEL ATLANTICO,3504.915,2022-06-01 00:00:00,2023-08-31 00:00:00,2do Semestre 2023
,110268,MULTI X S.A.,SALMON DEL ATLANTICO,6113.326,2022-07-01 00:00:00,2023-08-31 00:00:00,2do Semestre 2023
,110279,CERMAQ CHILE S.A.,SALMON DEL ATLANTICO,2217.935,2022-08-01 00:00:00,2023-07-31 00:00:00,2do Semestre 2023
,110302,SALMOCONCESIONES XI REGION S.A.,SALMON COHO,1395.409,2023-02-01 00:00:00,2023-12-31 00:00:00,2do Semestre 2023
,110338,COOKE AQUACULTURE CHILE S.A.,SALMON COHO,20.058,2023-01-01 00:00:00,2023-08-31 00:00:00,2do Semestre 2023
,110340,COOKE AQUACULTURE CHILE S.A.,SALMON DEL ATLANTICO,4396.668,2022-04-01 00:00:00,2023-08-31 00:00:00,2do Semestre 2023
,110344,EXPORTADORA LOS FIORDOS LTDA.,SALMON DEL ATLANTICO,3.634,2023-07-01 00:00:00,2023-09-30 00:00:00,2do Semestre 2023
,110345,SALMONES DE CHILE S.A.,TRUCHA ARCOIRIS,31.767,2023-04-01 00:00:00,2023-07-31 00:00:00,2do Semestre 2023
,110384,MULTI X S.A.,SALMON DEL ATLANTICO,5599.541,2022-09-01 00:00:00,2023-10-31 00:00:00,2do Semestre 2023
,110416,NUEVA CERMAQ CHILE S.A.,SALMON COHO,1003.55,2022-12-01 00:00:00,2023-11-30 00:00:00,2do Semestre 2023
,110417,NUEVA CERMAQ CHILE S.A.,SALMON COHO,1006.613,2022-05-01 00:00:00,2023-11-30 00:00:00,2do Semestre 2023
,110426,MULTI X S.A.,SALMON DEL ATLANTICO,2919.516,2022-12-01 00:00:00,2023-12-31 00:00:00,2do Semestre 2023
,110431,MULTI X S.A.,SALMON DEL ATLANTICO,3391.331,2022-11-01 00:00:00,2023-12-31 00:00:00,2do Semestre 2023
,110489,"AQUACHILE S.A., EMPRESAS",SALMON DEL ATLANTICO,3.781,2023-06-01 00:00:00,2023-10-31 00:00:00,2do Semestre 2023
,110516,AQUAINNOVO SPA,SALMON COHO,1645.037,2023-02-01 00:00:00,2023-10-31 00:00:00,2do Semestre 2023
,110523,AQUACHILE MAULLIN LIMITADA,SALMON COHO,2586.067,2023-02-01 00:00:00,2023-12-31 00:00:00,2do Semestre 2023
,110579,SALMONES ANTARTICA S.A.,TRUCHA ARCOIRIS,3698.703,2022-08-01 00:00:00,2023-09-30 00:00:00,2do Semestre 2023
,110590,CERMAQ CHILE S.A.,SALMON DEL ATLANTICO,3941.592,2022-05-01 00:00:00,2023-08-31 00:00:00,2do Semestre 2023
,110617,ACUICOLA PUYUHUAPI S.A.,SALMON DEL ATLANTICO,1409.212,2021-01-01 00:00:00,2023-08-31 00:00:00,2do Semestre 2023
,110652,AUSTRALIS MAR S.A.,SALMON DEL ATLANTICO,4061.947,2022-08-01 00:00:00,2023-09-30 00:00:00,2do Semestre 2023
,110671,CULTIVOS YADRAN S.A.,SALMON DEL ATLANTICO,4467.696,2022-09-01 00:00:00,2023-12-31 00:00:00,2do Semestre 2023
,110692,"TORNAGALEONES S.A., GRANJA MARINA",SALMON DEL ATLANTICO,5641.58,2022-09-01 00:00:00,2023-11-30 00:00:00,2do Semestre 2023
,110704,"AQUACHILE S.A., EMPRESAS",SALMON COHO,2587.321,2023-03-01 00:00:00,2023-12-31 00:00:00,2do Semestre 2023
,110722,AUSTRALIS MAR S.A.,SALMON DEL ATLANTICO,2937.511,2022-12-01 00:00:00,2023-12-31 00:00:00,2do Semestre 2023
,110726,MULTI X S.A.,SALMON DEL ATLANTICO,6196.26,2022-09-01 00:00:00,2023-11-30 00:00:00,2do Semestre 2023
,110767,SALMONES BLUMAR S.A.,SALMON DEL ATLANTICO,2040.846,2022-08-01 00:00:00,2023-08-31 00:00:00,2do Semestre 2023
,110771,SALMONES BLUMAR S.A.,SALMON DEL ATLANTICO,3806.827,2022-10-01 00:00:00,2023-11-30 00:00:00,2do Semestre 2023
,110778,AUSTRALIS MAR S.A.,SALMON DEL ATLANTICO,2404.369,2022-09-01 00:00:00,2023-10-31 00:00:00,2do Semestre 2023
,110836,SALMONES BLUMAR S.A.,SALMON DEL ATLANTICO,4152.597,2022-08-01 00:00:00,2023-12-31 00:00:00,2do Semestre 2023
,110849,"AQUACHILE S.A., EMPRESAS",SALMON DEL ATLANTICO,2.201,2023-07-01 00:00:00,2023-09-30 00:00:00,2do Semestre 2023
,110918,EXPORTADORA LOS FIORDOS LTDA.,SALMON COHO,2818.504,2023-03-01 00:00:00,2023-12-31 00:00:00,2do Semestre 2023
,110944,EXPORTADORA LOS FIORDOS LTDA.,SALMON COHO,1981.438,2023-02-01 00:00:00,2023-12-31 00:00:00,2do Semestre 2023
,110953,EXPORTADORA LOS FIORDOS LTDA.,SALMON DEL ATLANTICO,3.805,2023-03-01 00:00:00,2023-07-31 00:00:00,2do Semestre 2023
,120066,AQUACHILE MAGALLANES SPA.,SALMON DEL ATLANTICO,0.955,2023-06-01 00:00:00,2023-09-30 00:00:00,2do Semestre 2023
,120068,NOVA AUSTRAL S.A.,SALMON DEL ATLANTICO,862.148,2022-01-01 00:00:00,2023-09-30 00:00:00,2do Semestre 2023
,120080,AQUACHILE MAGALLANES SPA.,SALMON DEL ATLANTICO,3138.517,2022-08-01 00:00:00,2023-11-30 00:00:00,2do Semestre 2023
,120210,SALMONES BLUMAR MAGALLANES SpA,SALMON DEL ATLANTICO,5075.874,2022-04-01 00:00:00,2023-10-31 00:00:00,2do Semestre 2023
,100104,CERMAQ CHILE S.A.,SALMON COHO,3936.891,2023-01-01 00:00:00,2023-10-31 00:00:00,2do Semestre 2023
,100120,PRODUCTOS DEL MAR VENTISQUEROS S.A.,SALMON COHO,4474.006,2023-04-01 00:00:00,2023-11-30 00:00:00,2do Semestre 2023
,100195,MOWI CHILE S.A.,SALMON COHO,3529.512,2023-01-01 00:00:00,2023-10-31 00:00:00,2do Semestre 2023
,100208,AQUACHILE MAULLIN LIMITADA,SALMON COHO,4334.092,2023-01-01 00:00:00,2023-10-31 00:00:00,2do Semestre 2023
,100219,AQUACHILE MAULLIN LIMITADA,SALMON COHO,2704.38,2023-01-01 00:00:00,2023-09-30 00:00:00,2do Semestre 2023
,100245,AQUACHILE MAULLIN LIMITADA,SALMON COHO,1678.283,2022-12-01 00:00:00,2023-08-31 00:00:00,2do Semestre 2023
,100391,MOWI CHILE S.A.,SALMON DEL ATLANTICO,5203.998,2022-11-01 00:00:00,2023-12-31 00:00:00,2do Semestre 2023
,100397,SALMONES AYSEN S.A.,SALMON COHO,1771.62,2023-02-01 00:00:00,2023-11-30 00:00:00,2do Semestre 2023
,100413,MOWI CHILE S.A.,SALMON DEL ATLANTICO,5091.193,2023-07-01 00:00:00,2023-10-31 00:00:00,2do Semestre 2023
,100416,"AQUACHILE S.A., EMPRESAS",SALMON COHO,2909.465,2022-11-01 00:00:00,2023-07-31 00:00:00,2do Semestre 2023
,100469,"TORNAGALEONES S.A., GRANJA MARINA",SALMON COHO,4343.201,2023-02-01 00:00:00,2023-11-30 00:00:00,2do Semestre 2023
,100503,TRUSAL S.A.,SALMON COHO,4852.932,2023-04-01 00:00:00,2023-11-30 00:00:00,2do Semestre 2023
,100603,FIORDO BLANCO S.A.,SALMON COHO,2585.411,2023-04-01 00:00:00,2023-12-31 00:00:00,2do Semestre 2023
,100663,SALMOCONCESIONES S.A.,SALMON COHO,3097.097,2022-12-01 00:00:00,2023-10-31 00:00:00,2do Semestre 2023
,100679,AQUACHILE MAULLIN LIMITADA,SALMON DEL ATLANTICO,6567.77,2022-07-01 00:00:00,2023-08-31 00:00:00,2do Semestre 2023
,100974,AQUACHILE MAULLIN LIMITADA,SALMON COHO,5377.628,2023-04-01 00:00:00,2023-12-31 00:00:00,2do Semestre 2023
,101045,"AQUACHILE S.A., EMPRESAS",SALMON COHO,4874.779,2023-01-01 00:00:00,2023-10-31 00:00:00,2do Semestre 2023
,101293,PRODUCTOS DEL MAR VENTISQUEROS S.A.,SALMON DEL ATLANTICO,5421.019,2022-09-01 00:00:00,2023-09-30 00:00:00,2do Semestre 2023
,101498,"AQUACHILE S.A., EMPRESAS",SALMON DEL ATLANTICO,0.13,2023-09-01 00:00:00,2023-11-30 00:00:00,2do Semestre 2023
,101607,"TORNAGALEONES S.A., GRANJA MARINA",SALMON COHO,4110.003,2023-04-01 00:00:00,2023-12-31 00:00:00,2do Semestre 2023
,101962,SALMONES AYSEN S.A.,SALMON COHO,3223.114,2022-12-01 00:00:00,2023-10-31 00:00:00,2do Semestre 2023
,102016,CERMAQ CHILE S.A.,SALMON DEL ATLANTICO,5536.29,2022-05-01 00:00:00,2023-08-31 00:00:00,2do Semestre 2023
,102042,INVERMAR S.A.,SALMON COHO,5375.953,2022-12-01 00:00:00,2023-11-30 00:00:00,2do Semestre 2023
,102054,PRODUCTOS DEL MAR VENTISQUEROS S.A.,SALMON COHO,6312.004,2023-01-01 00:00:00,2023-11-30 00:00:00,2do Semestre 2023
,102064,"AQUACHILE S.A., EMPRESAS",SALMON DEL ATLANTICO,1.457,2023-09-01 00:00:00,2023-11-30 00:00:00,2do Semestre 2023
,102069,PRODUCTOS DEL MAR VENTISQUEROS S.A.,SALMON DEL ATLANTICO,7445.926,2022-11-01 00:00:00,2023-12-31 00:00:00,2do Semestre 2023
,102072,"AQUACHILE S.A., EMPRESAS",SALMON DEL ATLANTICO,0.586,2023-09-01 00:00:00,2023-11-30 00:00:00,2do Semestre 2023
,102077,PRODUCTOS DEL MAR VENTISQUEROS S.A.,SALMON DEL ATLANTICO,4722.709,2022-08-01 00:00:00,2023-08-31 00:00:00,2do Semestre 2023
,102122,PRODUCTOS DEL MAR VENTISQUEROS S.A.,SALMON COHO,3020.486,2023-04-01 00:00:00,2023-12-31 00:00:00,2do Semestre 2023
,102129,CULTIVOS YADRAN S.A.,SALMON DEL ATLANTICO,3721.575,2022-07-01 00:00:00,2023-10-31 00:00:00,2do Semestre 2023
,102135,PRODUCTOS DEL MAR VENTISQUEROS S.A.,SALMON COHO,1356.675,2023-02-01 00:00:00,2023-08-31 00:00:00,2do Semestre 2023
,102255,"AQUACHILE S.A., EMPRESAS",SALMON DEL ATLANTICO,2678.713,2022-06-01 00:00:00,2023-07-31 00:00:00,2do Semestre 2023
,102765,SALMONES CAMANCHACA S.A.,SALMON DEL ATLANTICO,4383.162,2022-09-01 00:00:00,2023-09-30 00:00:00,2do Semestre 2023
,102945,PRODUCTOS DEL MAR VENTISQUEROS S.A.,SALMON COHO,2279.253,2023-02-01 00:00:00,2023-09-30 00:00:00,2do Semestre 2023
,103457,CALETA BAY MAR SpA,TRUCHA ARCOIRIS,12.903,2023-08-01 00:00:00,2023-09-30 00:00:00,2do Semestre 2023
,103499,CALETA BAY MAR SpA,TRUCHA ARCOIRIS,9.504,2023-07-01 00:00:00,2023-09-30 00:00:00,2do Semestre 2023
,103593,CALETA BAY MAR SpA,TRUCHA ARCOIRIS,1861.001,2022-09-01 00:00:00,2023-07-31 00:00:00,2do Semestre 2023
,103699,CERMAQ CHILE S.A.,SALMON DEL ATLANTICO,4606.265,2022-03-01 00:00:00,2023-09-30 00:00:00,2do Semestre 2023
,103748,"TORNAGALEONES S.A., GRANJA MARINA",SALMON COHO,6736.108,2023-03-01 00:00:00,2023-12-31 00:00:00,2do Semestre 2023
,103965,TRUSAL S.A.,SALMON COHO,3622.943,2022-11-01 00:00:00,2023-08-31 00:00:00,2do Semestre 2023
,104063,CALETA BAY MAR SpA,TRUCHA ARCOIRIS,7.275,2021-04-01 00:00:00,2023-08-31 00:00:00,2do Semestre 2023
,104087,CALETA BAY MAR SpA,TRUCHA ARCOIRIS,8.85,2023-06-01 00:00:00,2023-08-31 00:00:00,2do Semestre 2023
,104150,TRUSAL S.A.,SALMON COHO,3487.199,2023-01-01 00:00:00,2023-10-31 00:00:00,2do Semestre 2023
,104413,INVERMAR S.A.,SALMON COHO,2243.791,2023-04-01 00:00:00,2023-12-31 00:00:00,2do Semestre 2023
,110047,SALMONES ANTARTICA S.A.,TRUCHA ARCOIRIS,5559.398,2022-07-01 00:00:00,2023-08-31 00:00:00,2do Semestre 2023
,110059,EXPORTADORA LOS FIORDOS LTDA.,SALMON DEL ATLANTICO,4512.118,2022-09-01 00:00:00,2023-12-31 00:00:00,2do Semestre 2023
,110071,EXPORTADORA LOS FIORDOS LTDA.,SALMON DEL ATLANTICO,6636.135,2022-10-01 00:00:00,2023-12-31 00:00:00,2do Semestre 2023
,110106,ACUICOLA TORNAGALEONES SPA,SALMON DEL ATLANTICO,3765.349,2020-10-01 00:00:00,2023-08-31 00:00:00,2do Semestre 2023
,110205,AQUACHILE SPA,SALMON COHO,3065.804,2022-12-01 00:00:00,2023-08-31 00:00:00,2do Semestre 2023
,110224,COOKE AQUACULTURE CHILE S.A.,SALMON DEL ATLANTICO,2756.183,2022-06-01 00:00:00,2023-08-31 00:00:00,2do Semestre 2023
,110247,"AQUACHILE S.A., EMPRESAS",SALMON DEL ATLANTICO,2.235,2023-04-01 00:00:00,2023-07-30 00:00:00,2do Semestre 2023
,110259,COOKE AQUACULTURE CHILE S.A.,SALMON DEL ATLANTICO,2735.397,2022-10-01 00:00:00,2023-10-31 00:00:00,2do Semestre 2023
,110272,MULTI X S.A.,SALMON DEL ATLANTICO,5141.086,2022-07-01 00:00:00,2023-08-31 00:00:00,2do Semestre 2023
,110322,EXPORTADORA LOS FIORDOS LTDA.,SALMON COHO,3196.431,2022-12-01 00:00:00,2023-12-31 00:00:00,2do Semestre 2023
,110334,SALMOCONCESIONES XI REGION S.A.,TRUCHA ARCOIRIS,3206.757,2022-08-01 00:00:00,2023-08-31 00:00:00,2do Semestre 2023
,110343,MOWI CHILE S.A.,SALMON DEL ATLANTICO,3828.997,2022-07-01 00:00:00,2023-10-31 00:00:00,2do Semestre 2023
,110355,"TORNAGALEONES S.A., GRANJA MARINA",SALMON DEL ATLANTICO,6375.19,2022-05-01 00:00:00,2023-07-31 00:00:00,2do Semestre 2023
,110382,MULTI X S.A.,SALMON DEL ATLANTICO,3811.203,2022-05-01 00:00:00,2023-09-30 00:00:00,2do Semestre 2023
,110429,MULTI X S.A.,SALMON DEL ATLANTICO,3305.425,2022-12-01 00:00:00,2023-12-31 00:00:00,2do Semestre 2023
,110450,SALMOCONCESIONES XI REGION S.A.,TRUCHA ARCOIRIS,14.566,2023-03-01 00:00:00,2023-08-31 00:00:00,2do Semestre 2023
,110451,MULTI X S.A.,SALMON DEL ATLANTICO,3248.015,2022-11-01 00:00:00,2023-12-31 00:00:00,2do Semestre 2023
,110452,CERMAQ CHILE S.A.,SALMON DEL ATLANTICO,4002.378,2022-07-01 00:00:00,2023-11-30 00:00:00,2do Semestre 2023
,110453,SALMONES ANTARTICA S.A.,TRUCHA ARCOIRIS,7343.411,2022-09-01 00:00:00,2023-12-31 00:00:00,2do Semestre 2023
,110556,AQUAINNOVO SPA,SALMON COHO,2392.688,2023-02-01 00:00:00,2023-11-30 00:00:00,2do Semestre 2023
,110586,NUEVA CERMAQ CHILE S.A.,SALMON COHO,724.496,2023-03-01 00:00:00,2023-11-30 00:00:00,2do Semestre 2023
,110591,EXPORTADORA LOS FIORDOS LTDA.,SALMON COHO,3114.718,2022-12-01 00:00:00,2023-10-31 00:00:00,2do Semestre 2023
,110631,SALMONES BLUMAR S.A.,SALMON DEL ATLANTICO,3436.655,2022-11-01 00:00:00,2023-10-31 00:00:00,2do Semestre 2023
,110646,EXPORTADORA LOS FIORDOS LTDA.,SALMON COHO,0.333,2023-04-01 00:00:00,2023-07-30 00:00:00,2do Semestre 2023
,110670,CULTIVOS YADRAN S.A.,SALMON DEL ATLANTICO,4503.258,2022-04-01 00:00:00,2023-07-31 00:00:00,2do Semestre 2023
,110702,SALMONES BLUMAR S.A.,SALMON DEL ATLANTICO,2425.879,2022-06-01 00:00:00,2023-08-31 00:00:00,2do Semestre 2023
,110703,EXPORTADORA LOS FIORDOS LTDA.,SALMON DEL ATLANTICO,3979.549,2022-09-01 00:00:00,2023-09-30 00:00:00,2do Semestre 2023
,110725,SALMONES CAMANCHACA S.A.,SALMON DEL ATLANTICO,3948.765,2022-06-01 00:00:00,2023-07-31 00:00:00,2do Semestre 2023
,110742,EXPORTADORA LOS FIORDOS LTDA.,SALMON DEL ATLANTICO,2428.566,2022-10-01 00:00:00,2023-11-30 00:00:00,2do Semestre 2023
,110773,EXPORTADORA LOS FIORDOS LTDA.,SALMON COHO,4.074,2023-03-01 00:00:00,2023-07-31 00:00:00,2do Semestre 2023
,110797,EXPORTADORA LOS FIORDOS LTDA.,SALMON COHO,0.661,2023-05-01 00:00:00,2023-09-30 00:00:00,2do Semestre 2023
,110803,AUSTRALIS MAR S.A.,SALMON DEL ATLANTICO,2985.248,2022-10-01 00:00:00,2023-12-31 00:00:00,2do Semestre 2023
,110813,MULTI X S.A.,SALMON DEL ATLANTICO,5348.462,2022-05-01 00:00:00,2023-07-31 00:00:00,2do Semestre 2023
,110824,EXPORTADORA LOS FIORDOS LTDA.,SALMON DEL ATLANTICO,3704.21,2022-09-01 00:00:00,2023-10-31 00:00:00,2do Semestre 2023
,110839,EXPORTADORA LOS FIORDOS LTDA.,SALMON DEL ATLANTICO,4117.951,2022-09-01 00:00:00,2023-09-30 00:00:00,2do Semestre 2023
,110851,"TORNAGALEONES S.A., GRANJA MARINA",SALMON COHO,3769.501,2023-01-01 00:00:00,2023-10-31 00:00:00,2do Semestre 2023
,110865,EXPORTADORA LOS FIORDOS LTDA.,SALMON DEL ATLANTICO,3773.601,2022-08-01 00:00:00,2023-09-30 00:00:00,2do Semestre 2023
,110874,SALMONES PACIFIC STAR S.A.,SALMON DEL ATLANTICO,4526.152,2022-07-01 00:00:00,2023-08-31 00:00:00,2do Semestre 2023
,110885,EXPORTADORA LOS FIORDOS LTDA.,SALMON DEL ATLANTICO,3362.478,2022-05-01 00:00:00,2023-07-31 00:00:00,2do Semestre 2023
,110924,AQUAINNOVO SPA,SALMON COHO,2416.864,2023-04-01 00:00:00,2023-12-31 00:00:00,2do Semestre 2023
,110939,MULTI X S.A.,SALMON DEL ATLANTICO,6161.641,2022-08-01 00:00:00,2023-08-31 00:00:00,2do Semestre 2023
,110941,AQUAINNOVO SPA,SALMON COHO,1245.228,2023-05-01 00:00:00,2023-10-31 00:00:00,2do Semestre 2023
,110950,MULTI X S.A.,SALMON DEL ATLANTICO,5690.235,2022-10-01 00:00:00,2023-11-30 00:00:00,2do Semestre 2023
,120067,NOVA AUSTRAL S.A.,SALMON DEL ATLANTICO,721.794,2022-02-01 00:00:00,2023-08-31 00:00:00,2do Semestre 2023
,120089,NOVA AUSTRAL S.A.,SALMON DEL ATLANTICO,2955.938,2022-02-01 00:00:00,2023-12-31 00:00:00,2do Semestre 2023
,120094,AQUACHILE MAGALLANES SPA.,SALMON DEL ATLANTICO,9232.507,2022-03-01 00:00:00,2023-08-31 00:00:00,2do Semestre 2023
,120110,CERMAQ CHILE S.A.,SALMON DEL ATLANTICO,3614.568,2022-02-01 00:00:00,2023-09-30 00:00:00,2do Semestre 2023
,120147,AUSTRALIS MAR S.A.,SALMON DEL ATLANTICO,6018.715,2022-04-01 00:00:00,2023-09-30 00:00:00,2do Semestre 2023
,100124,AQUACHILE MAULLIN LIMITADA,SALMON DEL ATLANTICO,5305.373,2023-06-01 00:00:00,2024-06-30 00:00:00,1er Semestre 2024
,100189,CERMAQ CHILE S.A.,SALMON DEL ATLANTICO,9473.602,2022-09-01 00:00:00,2024-02-29 00:00:00,1er Semestre 2024
,100220,AQUACHILE SPA,SALMON COHO,0.119,2024-03-01 00:00:00,2024-06-30 00:00:00,1er Semestre 2024
,100367,SALMONES AYSEN S.A.,SALMON COHO,3984.451,2023-05-01 00:00:00,2024-02-29 00:00:00,1er Semestre 2024
,100417,SALMOCONCESIONES S.A.,SALMON COHO,4268.175,2023-02-01 00:00:00,2024-02-29 00:00:00,1er Semestre 2024
,100446,PRODUCTOS DEL MAR VENTISQUEROS S.A.,SALMON COHO,4120.36,2023-04-01 00:00:00,2024-01-31 00:00:00,1er Semestre 2024
,100497,SALMONES AYSEN S.A.,SALMON COHO,2195.836,2023-03-01 00:00:00,2024-01-31 00:00:00,1er Semestre 2024
,100505,TRUSAL S.A.,SALMON COHO,1859.463,2023-05-01 00:00:00,2024-01-31 00:00:00,1er Semestre 2024
,100592,SALMONES AYSEN S.A.,SALMON COHO,3088.674,2023-06-01 00:00:00,2024-02-29 00:00:00,1er Semestre 2024
,100596,SALMONES ANTARTICA S.A.,TRUCHA ARCOIRIS,3301.32,2023-02-01 00:00:00,2024-03-31 00:00:00,1er Semestre 2024
,100602,CALETA BAY MAR SpA,TRUCHA ARCOIRIS,2878.748,2023-04-01 00:00:00,2024-02-29 00:00:00,1er Semestre 2024
,100680,AQUACHILE MAULLIN LIMITADA,SALMON DEL ATLANTICO,5201.634,2022-12-01 00:00:00,2024-01-31 00:00:00,1er Semestre 2024
,100982,SALMOCONCESIONES S.A.,TRUCHA ARCOIRIS,2686.225,2023-03-01 00:00:00,2024-04-30 00:00:00,1er Semestre 2024
,100988,INVERMAR S.A.,SALMON COHO,4246.828,2023-01-01 00:00:00,2024-01-31 00:00:00,1er Semestre 2024
,101003,MOWI CHILE S.A.,SALMON DEL ATLANTICO,5889.103,2022-12-01 00:00:00,2024-03-31 00:00:00,1er Semestre 2024
,101262,CALETA BAY MAR SpA,TRUCHA ARCOIRIS,2015.546,2023-05-01 00:00:00,2024-05-31 00:00:00,1er Semestre 2024
,101279,SALMOCONCESIONES S.A.,TRUCHA ARCOIRIS,2531.443,2023-07-01 00:00:00,2024-05-31 00:00:00,1er Semestre 2024
,101294,AQUACHILE MAULLIN LIMITADA,SALMON COHO,3597.837,2023-04-01 00:00:00,2024-01-31 00:00:00,1er Semestre 2024
,101296,"AQUACHILE S.A., EMPRESAS",SALMON DEL ATLANTICO,5002.06,2023-04-01 00:00:00,2024-05-31 00:00:00,1er Semestre 2024
,101308,MULTI X S.A.,SALMON DEL ATLANTICO,3550.199,2023-02-01 00:00:00,2024-03-31 00:00:00,1er Semestre 2024
,101768,AQUACHILE MAULLIN LIMITADA,SALMON COHO,2999.946,2023-04-01 00:00:00,2024-01-31 00:00:00,1er Semestre 2024
,101925,CALETA BAY MAR SpA,TRUCHA ARCOIRIS,3141.943,2023-05-01 00:00:00,2024-04-30 00:00:00,1er Semestre 2024
,101936,SALMONES AYSEN S.A.,SALMON COHO,4084.056,2023-05-01 00:00:00,2024-03-31 00:00:00,1er Semestre 2024
,101942,MULTI X S.A.,SALMON DEL ATLANTICO,3191.266,2023-04-01 00:00:00,2024-06-30 00:00:00,1er Semestre 2024
,101953,CERMAQ CHILE S.A.,SALMON COHO,3987.288,2023-04-01 00:00:00,2024-01-31 00:00:00,1er Semestre 2024
,101974,SALMONES AYSEN S.A.,SALMON COHO,3090.663,2023-04-01 00:00:00,2024-02-29 00:00:00,1er Semestre 2024
,101991,INVERMAR S.A.,SALMON DEL ATLANTICO,5105.643,2023-01-01 00:00:00,2024-06-30 00:00:00,1er Semestre 2024
,102007,AQUACHILE SPA,SALMON COHO,2167.328,2023-06-01 00:00:00,2024-01-31 00:00:00,1er Semestre 2024
,102008,AQUAINNOVO SPA,SALMON COHO,1.85,2024-02-01 00:00:00,2024-05-31 00:00:00,1er Semestre 2024
,102009,AQUACHILE SPA,SALMON COHO,2438.327,2023-06-01 00:00:00,2024-01-31 00:00:00,1er Semestre 2024
,102041,CERMAQ CHILE S.A.,SALMON DEL ATLANTICO,3266.405,2023-02-01 00:00:00,2024-04-30 00:00:00,1er Semestre 2024
,102053,PRODUCTOS DEL MAR VENTISQUEROS S.A.,SALMON DEL ATLANTICO,3485.906,2023-02-01 00:00:00,2024-02-29 00:00:00,1er Semestre 2024
,102066,CERMAQ CHILE S.A.,SALMON DEL ATLANTICO,3592.384,2022-12-01 00:00:00,2024-03-31 00:00:00,1er Semestre 2024
,102073,"AQUACHILE S.A., EMPRESAS",SALMON DEL ATLANTICO,0.157,2024-02-01 00:00:00,2024-05-31 00:00:00,1er Semestre 2024
,102083,FIORDO BLANCO S.A.,SALMON COHO,4471.285,2023-03-01 00:00:00,2024-01-31 00:00:00,1er Semestre 2024
,102085,AQUAINNOVO SPA,SALMON COHO,6.818,2024-02-01 00:00:00,2024-05-31 00:00:00,1er Semestre 2024
,102104,SALMONES ANTARTICA S.A.,TRUCHA ARCOIRIS,2760.344,2023-03-01 00:00:00,2024-04-30 00:00:00,1er Semestre 2024
,102105,CERMAQ CHILE S.A.,SALMON DEL ATLANTICO,5874.85,2022-11-01 00:00:00,2024-02-29 00:00:00,1er Semestre 2024
,102139,"TORNAGALEONES S.A., GRANJA MARINA",SALMON COHO,4268.006,2023-05-01 00:00:00,2024-02-29 00:00:00,1er Semestre 2024
,102149,CULTIVOS YADRAN S.A.,SALMON DEL ATLANTICO,2142.98,2023-05-01 00:00:00,2024-06-30 00:00:00,1er Semestre 2024
,102262,SALMONES CAMANCHACA S.A.,SALMON DEL ATLANTICO,5847.364,2023-05-01 00:00:00,2024-06-30 00:00:00,1er Semestre 2024
,102305,SALMONES AYSEN S.A.,SALMON COHO,3107.927,2023-04-01 00:00:00,2024-02-29 00:00:00,1er Semestre 2024
,102385,"AQUACHILE S.A., EMPRESAS",SALMON DEL ATLANTICO,3.762,2023-11-01 00:00:00,2024-01-31 00:00:00,1er Semestre 2024
,102418,SALMONES CAMANCHACA S.A.,SALMON DEL ATLANTICO,6051.229,2022-11-01 00:00:00,2024-01-31 00:00:00,1er Semestre 2024
,102458,SALMONES AYSEN S.A.,SALMON COHO,3180.808,2023-04-01 00:00:00,2024-02-29 00:00:00,1er Semestre 2024
,102504,CERMAQ CHILE S.A.,SALMON DEL ATLANTICO,10101.613,2023-02-01 00:00:00,2024-05-31 00:00:00,1er Semestre 2024
,102512,INVERMAR S.A.,SALMON DEL ATLANTICO,7218.653,2022-08-01 00:00:00,2024-02-29 00:00:00,1er Semestre 2024
,102682,SALMONES CAMANCHACA S.A.,SALMON DEL ATLANTICO,4121.119,2023-04-01 00:00:00,2024-04-30 00:00:00,1er Semestre 2024
,102742,TRUSAL S.A.,SALMON DEL ATLANTICO,7014.846,2022-11-01 00:00:00,2024-01-31 00:00:00,1er Semestre 2024
,102906,AQUACHILE SPA,SALMON COHO,2.423,2024-04-01 00:00:00,2024-06-30 00:00:00,1er Semestre 2024
,102907,AQUACHILE SPA,SALMON COHO,0.609,2024-02-01 00:00:00,2024-05-31 00:00:00,1er Semestre 2024
,102987,CERMAQ CHILE S.A.,SALMON COHO,4451.371,2023-03-01 00:00:00,2024-01-31 00:00:00,1er Semestre 2024
,103312,AQUACHILE SPA,SALMON COHO,6.582,2024-04-01 00:00:00,2024-06-30 00:00:00,1er Semestre 2024
,103418,PRODUCTOS DEL MAR VENTISQUEROS S.A.,SALMON DEL ATLANTICO,3543.742,2022-10-01 00:00:00,2024-01-31 00:00:00,1er Semestre 2024
,103452,CALETA BAY MAR SpA,TRUCHA ARCOIRIS,1863.179,2023-07-01 00:00:00,2024-06-30 00:00:00,1er Semestre 2024
,103528,MULTI X S.A.,SALMON DEL ATLANTICO,3495.39,2023-01-01 00:00:00,2024-05-31 00:00:00,1er Semestre 2024
,103704,CALETA BAY MAR SpA,TRUCHA ARCOIRIS,2924.07,2023-06-01 00:00:00,2024-04-30 00:00:00,1er Semestre 2024
,103966,TRUSAL S.A.,SALMON COHO,6472.923,2023-04-01 00:00:00,2024-01-31 00:00:00,1er Semestre 2024
,110126,AQUACHILE SPA,SALMON DEL ATLANTICO,5725.142,2023-03-01 00:00:00,2024-05-31 00:00:00,1er Semestre 2024
,110127,AQUACHILE MAULLIN LIMITADA,SALMON COHO,5759.883,2023-03-01 00:00:00,2024-01-31 00:00:00,1er Semestre 2024
,110186,CERMAQ CHILE S.A.,SALMON DEL ATLANTICO,4236.176,2022-09-01 00:00:00,2024-01-31 00:00:00,1er Semestre 2024
,110202,CERMAQ CHILE S.A.,SALMON DEL ATLANTICO,4369.552,2022-06-01 00:00:00,2024-01-31 00:00:00,1er Semestre 2024
,110207,MOWI CHILE S.A.,SALMON DEL ATLANTICO,3674.918,2022-09-01 00:00:00,2024-01-31 00:00:00,1er Semestre 2024
,110214,"AQUACHILE S.A., EMPRESAS",SALMON DEL ATLANTICO,3745.713,2023-01-01 00:00:00,2024-04-30 00:00:00,1er Semestre 2024
,110217,"AQUACHILE S.A., EMPRESAS",SALMON DEL ATLANTICO,4946.097,2022-12-01 00:00:00,2024-02-29 00:00:00,1er Semestre 2024
,110242,AQUACHILE MAULLIN LIMITADA,SALMON COHO,2989.201,2023-06-01 00:00:00,2024-03-31 00:00:00,1er Semestre 2024
,110261,COOKE AQUACULTURE CHILE S.A.,SALMON DEL ATLANTICO,3587.854,2023-01-01 00:00:00,2024-03-31 00:00:00,1er Semestre 2024
,110270,"AQUACHILE S.A., EMPRESAS",SALMON DEL ATLANTICO,3072.469,2022-12-01 00:00:00,2024-02-29 00:00:00,1er Semestre 2024
,110278,CERMAQ CHILE S.A.,SALMON DEL ATLANTICO,3563.786,2022-10-01 00:00:00,2024-01-31 00:00:00,1er Semestre 2024
,110285,SALMOCONCESIONES XI REGION S.A.,SALMON COHO,5716.238,2022-12-01 00:00:00,2024-01-31 00:00:00,1er Semestre 2024
,110305,SALMONES DE CHILE S.A.,TRUCHA ARCOIRIS,48.095,2023-09-01 00:00:00,2024-01-31 00:00:00,1er Semestre 2024
,110350,SALMONES ANTARTICA S.A.,TRUCHA ARCOIRIS,2648.784,2023-05-01 00:00:00,2024-06-30 00:00:00,1er Semestre 2024
,110351,SALMONES ANTARTICA S.A.,TRUCHA ARCOIRIS,2995.68,2023-07-01 00:00:00,2024-06-30 00:00:00,1er Semestre 2024
,110365,MOWI CHILE S.A.,SALMON DEL ATLANTICO,3591.743,2022-10-01 00:00:00,2024-01-31 00:00:00,1er Semestre 2024
,110397,AQUACHILE SPA,SALMON DEL ATLANTICO,3039.75,2023-03-01 00:00:00,2024-03-31 00:00:00,1er Semestre 2024
,110433,AQUACHILE SPA,SALMON COHO,12.964,2023-12-01 00:00:00,2024-04-30 00:00:00,1er Semestre 2024
,110434,"AQUACHILE S.A., EMPRESAS",SALMON COHO,699.382,2023-05-01 00:00:00,2024-01-31 00:00:00,1er Semestre 2024
,110435,AQUACHILE SPA,SALMON COHO,5.169,2024-02-01 00:00:00,2024-06-30 00:00:00,1er Semestre 2024
,110441,SALMONES BLUMAR S.A.,SALMON DEL ATLANTICO,3236.934,2022-11-01 00:00:00,2024-01-31 00:00:00,1er Semestre 2024
,110454,MULTI X S.A.,SALMON DEL ATLANTICO,2812.962,2022-11-01 00:00:00,2024-01-31 00:00:00,1er Semestre 2024
,110466,AQUAINNOVO SPA,SALMON COHO,3390.832,2023-05-01 00:00:00,2024-02-29 00:00:00,1er Semestre 2024
,110492,SALMONES CAMANCHACA S.A.,SALMON DEL ATLANTICO,3037.059,2023-02-01 00:00:00,2024-04-30 00:00:00,1er Semestre 2024
,110507,EXPORTADORA LOS FIORDOS LTDA.,SALMON DEL ATLANTICO,3311.094,2023-04-01 00:00:00,2024-04-30 00:00:00,1er Semestre 2024
,110509,SALMONES ANTARTICA S.A.,TRUCHA ARCOIRIS,4444.252,2022-12-01 00:00:00,2024-01-31 00:00:00,1er Semestre 2024
,110510,EXPORTADORA LOS FIORDOS LTDA.,SALMON DEL ATLANTICO,3457.41,2023-02-01 00:00:00,2024-02-29 00:00:00,1er Semestre 2024
,110513,MULTI X S.A.,SALMON DEL ATLANTICO,4763.996,2023-03-01 00:00:00,2024-06-30 00:00:00,1er Semestre 2024
,110525,MOWI CHILE S.A.,SALMON DEL ATLANTICO,4211.909,2023-02-01 00:00:00,2024-05-31 00:00:00,1er Semestre 2024
,110550,MULTI X S.A.,SALMON DEL ATLANTICO,3045.365,2023-04-01 00:00:00,2024-06-30 00:00:00,1er Semestre 2024
,110553,MULTI X S.A.,SALMON DEL ATLANTICO,2503.226,2022-12-01 00:00:00,2024-01-31 00:00:00,1er Semestre 2024
,110555,EXPORTADORA LOS FIORDOS LTDA.,SALMON COHO,3379.466,2023-01-01 00:00:00,2024-01-31 00:00:00,1er Semestre 2024
,110565,MOWI CHILE S.A.,SALMON DEL ATLANTICO,4995.925,2022-12-01 00:00:00,2024-03-31 00:00:00,1er Semestre 2024
,110575,MOWI CHILE S.A.,SALMON DEL ATLANTICO,3698.725,2022-11-01 00:00:00,2024-02-29 00:00:00,1er Semestre 2024
,110582,CERMAQ CHILE S.A.,SALMON DEL ATLANTICO,3360.552,2022-07-01 00:00:00,2024-01-31 00:00:00,1er Semestre 2024
,110595,EXPORTADORA LOS FIORDOS LTDA.,SALMON DEL ATLANTICO,3162.026,2022-11-01 00:00:00,2024-02-29 00:00:00,1er Semestre 2024
,110627,SALMONES BLUMAR S.A.,SALMON DEL ATLANTICO,3295.794,2023-02-01 00:00:00,2024-05-31 00:00:00,1er Semestre 2024
,110638,CULTIVOS YADRAN S.A.,SALMON DEL ATLANTICO,3771.815,2022-10-01 00:00:00,2024-01-31 00:00:00,1er Semestre 2024
,110650,SALMONES BLUMAR S.A.,SALMON DEL ATLANTICO,3810.805,2023-02-01 00:00:00,2024-04-30 00:00:00,1er Semestre 2024
,110657,AQUAINNOVO SPA,SALMON COHO,25.636,2023-12-01 00:00:00,2024-04-30 00:00:00,1er Semestre 2024
,110680,SALMONES BLUMAR S.A.,SALMON DEL ATLANTICO,514.114,2022-12-01 00:00:00,2024-01-31 00:00:00,1er Semestre 2024
,110698,AUSTRALIS MAR S.A.,SALMON DEL ATLANTICO,2279.356,2023-01-01 00:00:00,2024-01-31 00:00:00,1er Semestre 2024
,110717,AUSTRALIS MAR S.A.,SALMON DEL ATLANTICO,2574.475,2023-03-01 00:00:00,2024-03-31 00:00:00,1er Semestre 2024
,110727,AUSTRALIS MAR S.A.,SALMON DEL ATLANTICO,2931.233,2023-05-01 00:00:00,2024-05-31 00:00:00,1er Semestre 2024
,110731,EXPORTADORA LOS FIORDOS LTDA.,SALMON COHO,4207.274,2023-07-01 00:00:00,2024-02-29 00:00:00,1er Semestre 2024
,110734,EXPORTADORA LOS FIORDOS LTDA.,SALMON COHO,3557.33,2023-07-01 00:00:00,2024-02-29 00:00:00,1er Semestre 2024
,110740,EXPORTADORA LOS FIORDOS LTDA.,SALMON DEL ATLANTICO,3299.033,2023-03-01 00:00:00,2024-04-30 00:00:00,1er Semestre 2024
,110749,SALMONES PACIFIC STAR S.A.,SALMON DEL ATLANTICO,3679.587,2023-02-01 00:00:00,2024-03-31 00:00:00,1er Semestre 2024
,110772,SALMONES CAMANCHACA S.A.,SALMON DEL ATLANTICO,3818.233,2023-01-01 00:00:00,2024-02-29 00:00:00,1er Semestre 2024
,110776,"TORNAGALEONES S.A., GRANJA MARINA",SALMON COHO,3613.55,2023-03-01 00:00:00,2024-01-31 00:00:00,1er Semestre 2024
,110811,AUSTRALIS MAR S.A.,SALMON DEL ATLANTICO,2287.747,2023-02-01 00:00:00,2024-02-29 00:00:00,1er Semestre 2024
,110830,AUSTRALIS MAR S.A.,SALMON DEL ATLANTICO,2215.809,2023-06-01 00:00:00,2024-06-30 00:00:00,1er Semestre 2024
,110832,CULTIVOS YADRAN S.A.,SALMON DEL ATLANTICO,5010.797,2023-01-01 00:00:00,2024-03-31 00:00:00,1er Semestre 2024
,110833,INVERMAR S.A.,SALMON DEL ATLANTICO,3005.497,2022-07-01 00:00:00,2024-01-31 00:00:00,1er Semestre 2024
,110857,AUSTRALIS MAR S.A.,SALMON DEL ATLANTICO,3102.85,2023-04-01 00:00:00,2024-04-30 00:00:00,1er Semestre 2024
,110860,SALMONES CAMANCHACA S.A.,SALMON DEL ATLANTICO,4192.726,2023-03-01 00:00:00,2024-06-30 00:00:00,1er Semestre 2024
,110880,CULTIVOS YADRAN S.A.,SALMON DEL ATLANTICO,2069.293,2023-04-01 00:00:00,2024-05-31 00:00:00,1er Semestre 2024
,110897,COOKE AQUACULTURE CHILE S.A.,SALMON DEL ATLANTICO,1488.106,2023-04-01 00:00:00,2024-05-31 00:00:00,1er Semestre 2024
,110899,"TORNAGALEONES S.A., GRANJA MARINA",SALMON DEL ATLANTICO,4522.02,2022-12-01 00:00:00,2024-03-31 00:00:00,1er Semestre 2024
,110900,INVERMAR S.A.,SALMON DEL ATLANTICO,3374.888,2022-07-01 00:00:00,2024-04-30 00:00:00,1er Semestre 2024
,110928,EXPORTADORA LOS FIORDOS LTDA.,SALMON DEL ATLANTICO,4584.8,2022-10-01 00:00:00,2024-01-31 00:00:00,1er Semestre 2024
,110954,SALMONES ANTARTICA S.A.,TRUCHA ARCOIRIS,3637.583,2023-01-01 00:00:00,2024-02-29 00:00:00,1er Semestre 2024
,120069,NOVA AUSTRAL S.A.,SALMON DEL ATLANTICO,3374.786,2022-05-01 00:00:00,2024-04-30 00:00:00,1er Semestre 2024
,120112,CERMAQ CHILE S.A.,SALMON DEL ATLANTICO,2903.503,2022-09-01 00:00:00,2024-03-31 00:00:00,1er Semestre 2024
,120114,AQUACHILE MAGALLANES SPA.,SALMON DEL ATLANTICO,3608.753,2022-10-01 00:00:00,2024-01-31 00:00:00,1er Semestre 2024
,120115,CERMAQ CHILE S.A.,SALMON DEL ATLANTICO,2794.564,2022-07-01 00:00:00,2024-03-31 00:00:00,1er Semestre 2024
,120134,AUSTRALIS MAR S.A.,SALMON DEL ATLANTICO,4729.17,2022-06-01 00:00:00,2024-01-31 00:00:00,1er Semestre 2024
,120135,AUSTRALIS MAR S.A.,SALMON DEL ATLANTICO,5227.619,2022-10-01 00:00:00,2024-03-31 00:00:00,1er Semestre 2024
,120136,AUSTRALIS MAR S.A.,SALMON DEL ATLANTICO,3349.149,2022-11-01 00:00:00,2024-03-31 00:00:00,1er Semestre 2024
,120138,AUSTRALIS MAR S.A.,SALMON DEL ATLANTICO,4860.987,2023-02-01 00:00:00,2024-06-30 00:00:00,1er Semestre 2024
,120141,AQUACHILE MAGALLANES SPA.,SALMON DEL ATLANTICO,7183.71,2023-01-01 00:00:00,2024-06-30 00:00:00,1er Semestre 2024
,120153,MULTIEXPORT PATAGONIA S.A.,SALMON DEL ATLANTICO,5534.288,2022-11-01 00:00:00,2024-04-30 00:00:00,1er Semestre 2024
,120181,MULTIEXPORT PATAGONIA S.A.,SALMON DEL ATLANTICO,5762.01,2022-09-01 00:00:00,2024-02-29 00:00:00,1er Semestre 2024
,,,,,,,
,,,,,,,
,Relevancia / Pertinencia:,,Dar cumplimiento a la ley 21.532.,,,,
,Fuente de datos y grado de estandarización: ,,"Datos obtenidos a traves de la plataforma Qliksense, Streams UI_Acuicultura, App Cosechas Recepcionadas_V4 y filtrado por los centros que finalizaron cliclo productivo año 2023 y primer semestre 2024, plataforma conectada a quimera (Información del día anterior).",,,,
,Presición y exactitud: ,,"Datos oficiales - Cosecha extraída de la recepción en plantas, se le agrega un mes a la fecha de término de ciclo para la extracción de  datos.",,,,
,Responsable de los datos: ,,Francisco Vásquez (Departamento Salud animal - Centros con ciclo productivo) / Francisco Roselló (Departamento GIA - Extracción de cosecha).,,,,
,,,,,,,
,Versión 1.1,2024-09-03 00:00:00,,,,,